{"id":"274037","name":"Basic - Social Media","start_url":"/pls/apex/r/snlimadev/basic-social-media/timeline","display":"standalone","orientation":"any","theme_color":"#800080","background_color":"#800080","dir":"ltr","lang":"en-us","icons":[{"src":"/pls/apex/r/snlimadev/274037/files/static/v26/icons/app-icon-144-rounded.png","sizes":"144x144","type":"image/png","purpose":"any"},{"src":"/pls/apex/r/snlimadev/274037/files/static/v26/icons/app-icon-192.png","sizes":"192x192","type":"image/png","purpose":"any"},{"src":"/pls/apex/r/snlimadev/274037/files/static/v26/icons/app-icon-192.png","sizes":"192x192","type":"image/png","purpose":"maskable"},{"src":"/pls/apex/r/snlimadev/274037/files/static/v26/icons/app-icon-256-rounded.png","sizes":"256x256","type":"image/png","purpose":"any"},{"src":"/pls/apex/r/snlimadev/274037/files/static/v26/icons/app-icon-512.png","sizes":"512x512","type":"image/png","purpose":"any"}],"related_applications":[{"platform":"webapp","url":"/pls/apex/r/snlimadev/basic-social-media/manifest.json?v=23.1.3-15491004677796&lang=en"}],"screenshots":[]}